,Test RMSE Rose,Test RMSE Sparkling,Test MAPE Rose
2pointTrailingMovingAverage,11.52927761935857,813.4006839972983,
Triple Exponential Smoothing (Additive Season),14.265712941547475,379.6956857387101,
4pointTrailingMovingAverage,14.451403238286431,1156.589694081071,
6pointTrailingMovingAverage,14.566327265691354,1283.9274280129855,
9pointTrailingMovingAverage,14.727629822363193,1346.2783154241804,
RegressionOnTime,15.268955197146555,1389.135174897992,
Double Exponential Smoothing,15.269327872865668,3949.993290409098,
"SARIMA(2,1,2)(3,1,2,12)",15.358805058999812,,22.959850074445416
"SARIMA(3, 1, 1)(3, 0, 2, 12)",18.881428212560966,,36.37439460579313
Triple Exponential Smoothing (Multiplicative Season),20.190997935033817,406.51016963157673,
"Triple Exponential Smoothing (Additive Season, Damped Trend)",25.660960416919345,379.6956857387101,
"Triple Exponential Smoothing (Multiplicative Season, Damped Trend)",26.29598142802485,352.4433346626412,
Simple Exponential Smoothing,36.796227983677504,1338.0121443910189,
"ARIMA(2,1,3)",36.81634749426474,,75.84583635258521
"ARIMA(2,1,2)",36.8711966230642,,76.05621272520435
SimpleAverageModel,53.460569646114436,1275.0818036965309,
NaiveModel,79.71877337417347,3864.2793518443914,
